{"stats":{"minecraft:mined":{"minecraft:tall_grass":1,"minecraft:grass":6},"minecraft:picked_up":{"minecraft:arrow":2,"minecraft:porkchop":3},"minecraft:killed":{"minecraft:pig":1},"minecraft:custom":{"minecraft:jump":8,"minecraft:time_since_rest":2620,"minecraft:damage_dealt":150,"minecraft:crouch_one_cm":90,"minecraft:leave_game":2,"minecraft:play_time":2620,"minecraft:time_since_death":2620,"minecraft:walk_one_cm":13146,"minecraft:sneak_time":55,"minecraft:total_world_time":2620,"minecraft:mob_kills":1,"minecraft:fly_one_cm":2715},"minecraft:used":{"minecraft:wolf_spawn_egg":1}},"DataVersion":3120}